Product_Title,Price,Review_Score,Total_Reviews,Date
ebossy Women's Boho Striped Shirt Dress Button Up Side Slit Loose Mid Long Cotton Dress with Pockets,"8,564.97",4.1,343,2026-03-05
ebossy Women's Boho Striped Shirt Dress Button Up Side Slit Loose Mid Long Cotton Dress with Pockets,"8,564.97",4.1,343,2026-03-05
ebossy Women's Boho Striped Shirt Dress Button Up Side Slit Loose Mid Long Cotton Dress with Pockets,"8,564.97",4.1,343,2026-03-05
ebossy Women's Boho Striped Shirt Dress Button Up Side Slit Loose Mid Long Cotton Dress with Pockets,"8,564.97",4.1,343,2026-03-05
ebossy Women's Boho Striped Shirt Dress Button Up Side Slit Loose Mid Long Cotton Dress with Pockets,"8,564.97",4.1,343,2026-03-05
ebossy Women's Boho Striped Shirt Dress Button Up Side Slit Loose Mid Long Cotton Dress with Pockets,"8,564.97",4.1,343,2026-03-05
ebossy Women's Boho Striped Shirt Dress Button Up Side Slit Loose Mid Long Cotton Dress with Pockets,"8,564.97",4.1,343,2026-03-05
ebossy Women's Boho Striped Shirt Dress Button Up Side Slit Loose Mid Long Cotton Dress with Pockets,"8,564.97",4.1,343,2026-03-05
ebossy Women's Boho Striped Shirt Dress Button Up Side Slit Loose Mid Long Cotton Dress with Pockets,"8,564.97",4.1,343,2026-03-05
ebossy Women's Boho Striped Shirt Dress Button Up Side Slit Loose Mid Long Cotton Dress with Pockets,"8,564.97",4.1,343,2026-03-05
ebossy Women's Boho Striped Shirt Dress Button Up Side Slit Loose Mid Long Cotton Dress with Pockets,"8,564.97",4.1,343,2026-03-05
ebossy Women's Boho Striped Shirt Dress Button Up Side Slit Loose Mid Long Cotton Dress with Pockets,"8,564.97",4.1,343,2026-03-05
